X,OBSERVATION,PARTICIPANT,PRETEST,PRE_FAMILIAR,AGE,GENDER,NATIONALITY,ENGLISH,POSTTEST,GENERATION,RECALL,CHAIN,CONDITION,CONDITION.2,ORDER,SOURCE,VIEW,PRESTIGE,RELEVANCE,T_RECALL,T_SOURCE
1,1,1,-2,1,47,female,1,1,-2,F1,4,CH1,C1,A,FIRST,CLEANER,PROTABLETS,3,3,185.36,49.78
2,2,1,-2,1,47,female,1,1,-2,F1,5,CH1,C1,A,SECOND,EDUCATOR,ANTITABLETS,4,3,200.689,31.139
1,3,2,-1,3,59,male,1,1,-1,F2,3,CH1,C1,A,FIRST,CLEANER,PROTABLETS,2,-1,300.108,81.496
2,4,2,-1,3,59,male,1,1,-1,F2,4,CH1,C1,A,SECOND,EDUCATOR,ANTITABLETS,3,3,300.01,56.995
1,5,3,-2,3,22,male,1,1,-1,F3,1,CH1,C1,A,FIRST,CLEANER,PROTABLETS,2,-1,100.889,19.61
2,6,3,-2,3,22,male,1,1,-1,F3,3,CH1,C1,A,SECOND,EDUCATOR,ANTITABLETS,3,2,46.682,26.031
1,7,4,2,3,30,female,1,1,2,F4,1,CH1,C1,A,FIRST,CLEANER,PROTABLETS,3,0,68.385,16.209
2,8,4,2,3,30,female,1,1,2,F4,3,CH1,C1,A,SECOND,EDUCATOR,ANTITABLETS,4,3,63.211,12.597
1,9,5,0,2,21,female,1,1,-1,F1,6,CH2,C1,A,FIRST,CLEANER,PROTABLETS,3,1,92.01,34.56
2,10,5,0,2,21,female,1,1,-1,F1,6,CH2,C1,A,SECOND,EDUCATOR,ANTITABLETS,3,1,91.147,37.27
1,11,6,-1,3,44,female,1,1,-1,F2,3,CH2,C1,A,FIRST,CLEANER,PROTABLETS,3,1,136.879,35.775
2,12,6,-1,3,44,female,1,1,-1,F2,4,CH2,C1,A,SECOND,EDUCATOR,ANTITABLETS,4,2,103.4,20.936
1,13,7,-2,3,54,female,1,1,-2,F3,3,CH2,C1,A,FIRST,CLEANER,PROTABLETS,2,0,80.795,31.091
2,14,7,-2,3,54,female,1,1,-2,F3,3,CH2,C1,A,SECOND,EDUCATOR,ANTITABLETS,3,2,123.604,33.606
1,15,8,-1,2,25,female,1,1,-1,F4,3,CH2,C1,A,FIRST,CLEANER,PROTABLETS,2,1,120.282,34.133
2,16,8,-1,2,25,female,1,1,-1,F4,2,CH2,C1,A,SECOND,EDUCATOR,ANTITABLETS,4,3,116.91,36.947
1,17,9,-1,2,37,female,1,1,-2,F1,3,CH3,C1,A,FIRST,CLEANER,PROTABLETS,1,-2,125.629,54.103
2,18,9,-1,2,37,female,1,1,-2,F1,4,CH3,C1,A,SECOND,EDUCATOR,ANTITABLETS,1,-2,143.923,17.412
1,19,10,-3,3,49,female,1,1,-3,F2,2,CH3,C1,A,FIRST,CLEANER,PROTABLETS,1,0,96.003,31.086
2,20,10,-3,3,49,female,1,1,-3,F2,3,CH3,C1,A,SECOND,EDUCATOR,ANTITABLETS,3,0,130.697,29.692
1,21,11,0,3,37,female,1,1,-2,F3,2,CH3,C1,A,FIRST,CLEANER,PROTABLETS,1,0,145.934,60.077
2,22,11,0,3,37,female,1,1,-2,F3,3,CH3,C1,A,SECOND,EDUCATOR,ANTITABLETS,2,0,98.003,49.115
1,23,12,-2,1,33,female,1,1,-1,F4,1,CH3,C1,A,FIRST,CLEANER,PROTABLETS,1,-1,41.29,24.835
2,24,12,-2,1,33,female,1,1,-1,F4,2,CH3,C1,A,SECOND,EDUCATOR,ANTITABLETS,2,-1,24.6,12.242
1,25,13,1,2,24,male,1,1,2,F1,3,CH4,C1,A,FIRST,CLEANER,PROTABLETS,1,1,183.181,111.502
2,26,13,1,2,24,male,1,1,2,F1,3,CH4,C1,A,SECOND,EDUCATOR,ANTITABLETS,2,1,141.975,126.237
1,27,14,-2,2,30,female,1,1,-2,F2,2,CH4,C1,A,FIRST,CLEANER,PROTABLETS,1,2,173.128,37.202
2,28,14,-2,2,30,female,1,1,-2,F2,3,CH4,C1,A,SECOND,EDUCATOR,ANTITABLETS,3,2,151.016,21.664
1,29,15,-3,3,31,female,1,1,0,F3,2,CH4,C1,A,FIRST,CLEANER,PROTABLETS,1,3,107.396,31.557
2,30,15,-3,3,31,female,1,1,0,F3,3,CH4,C1,A,SECOND,EDUCATOR,ANTITABLETS,5,3,89.353,27.409
1,31,16,-1,2,45,female,1,1,-1,F4,2,CH4,C1,A,FIRST,CLEANER,PROTABLETS,1,1,104.849,227.729
2,32,16,-1,2,45,female,1,1,-1,F4,2,CH4,C1,A,SECOND,EDUCATOR,ANTITABLETS,3,1,109.019,32.582
1,33,17,-2,2,29,male,1,1,-1,F1,7,CH5,C1,A,FIRST,EDUCATOR,ANTITABLETS,4,2,194.577,46.922
2,34,17,-2,2,29,male,1,1,-1,F1,8,CH5,C1,A,SECOND,CLEANER,PROTABLETS,3,1,153.172,37.455
1,35,18,-1,3,42,female,1,1,0,F2,5,CH5,C1,A,FIRST,EDUCATOR,ANTITABLETS,4,3,220.452,64.562
2,36,18,-1,3,42,female,1,1,0,F2,3,CH5,C1,A,SECOND,CLEANER,PROTABLETS,3,2,154.826,41.104
1,37,19,1,3,28,female,1,1,2,F3,5,CH5,C1,A,FIRST,EDUCATOR,ANTITABLETS,4,1,109.104,15.619
2,38,19,1,3,28,female,1,1,2,F3,1,CH5,C1,A,SECOND,CLEANER,PROTABLETS,2,-2,28.083,16.165
1,39,20,3,3,47,male,1,1,3,F4,2,CH5,C1,A,FIRST,EDUCATOR,ANTITABLETS,3,3,110.591,22.189
2,40,20,3,3,47,male,1,1,3,F4,1,CH5,C1,A,SECOND,CLEANER,PROTABLETS,2,1,120.701,11.1
1,41,21,-3,3,24,female,1,1,-3,F1,5,CH6,C1,A,FIRST,EDUCATOR,ANTITABLETS,4,2,135.475,39.598
2,42,21,-3,3,24,female,1,1,-3,F1,6,CH6,C1,A,SECOND,CLEANER,PROTABLETS,4,-2,113.419,37.735
1,43,22,-3,3,29,female,1,1,-2,F2,3,CH6,C1,A,FIRST,EDUCATOR,ANTITABLETS,4,3,62.315,23.188
2,44,22,-3,3,29,female,1,1,-2,F2,1,CH6,C1,A,SECOND,CLEANER,PROTABLETS,2,-2,46.099,12.802
1,45,23,-2,2,36,female,1,1,-2,F3,4,CH6,C1,A,FIRST,EDUCATOR,ANTITABLETS,3,3,66.398,28.653
2,46,23,-2,2,36,female,1,1,-2,F3,0,CH6,C1,A,SECOND,CLEANER,PROTABLETS,1,-2,83.475,18.851
1,47,24,2,3,26,male,1,1,2,F4,3,CH6,C1,A,FIRST,EDUCATOR,ANTITABLETS,3,2,158.163,52.193
2,48,24,2,3,26,male,1,1,2,F4,0,CH6,C1,A,SECOND,CLEANER,PROTABLETS,2,0,152.158,19.179
1,49,25,-2,2,38,female,1,1,-1,F1,4,CH7,C1,A,FIRST,EDUCATOR,ANTITABLETS,4,2,167.06,72.632
2,50,25,-2,2,38,female,1,1,-1,F1,4,CH7,C1,A,SECOND,CLEANER,PROTABLETS,3,-1,152.539,80.201
1,51,26,-2,1,41,female,1,1,-2,F2,3,CH7,C1,A,FIRST,EDUCATOR,ANTITABLETS,4,2,300.123,28.547
2,52,26,-2,1,41,female,1,1,-2,F2,2,CH7,C1,A,SECOND,CLEANER,PROTABLETS,2,0,300.018,28.745
1,53,27,-2,3,34,male,1,1,1,F3,3,CH7,C1,A,FIRST,EDUCATOR,ANTITABLETS,3,2,70.758,19.835
2,54,27,-2,3,34,male,1,1,1,F3,2,CH7,C1,A,SECOND,CLEANER,PROTABLETS,2,1,35.798,12.447
1,55,28,1,1,23,female,1,1,1,F4,3,CH7,C1,A,FIRST,EDUCATOR,ANTITABLETS,4,1,57.351,13.519
2,56,28,1,1,23,female,1,1,1,F4,2,CH7,C1,A,SECOND,CLEANER,PROTABLETS,2,-1,34.413,24.201
1,57,29,-3,2,35,female,1,1,-1,F1,5,CH8,C1,A,FIRST,EDUCATOR,ANTITABLETS,3,1,156.172,37.745
2,58,29,-3,2,35,female,1,1,-1,F1,6,CH8,C1,A,SECOND,CLEANER,PROTABLETS,1,-1,158.271,33.343
1,59,30,2,1,36,female,1,1,2,F2,4,CH8,C1,A,FIRST,EDUCATOR,ANTITABLETS,4,2,159.694,27.63
2,60,30,2,1,36,female,1,1,2,F2,2,CH8,C1,A,SECOND,CLEANER,PROTABLETS,3,-1,156.164,11.849
1,61,31,-2,3,34,female,1,1,0,F3,4,CH8,C1,A,FIRST,EDUCATOR,ANTITABLETS,3,3,116.558,99.486
2,62,31,-2,3,34,female,1,1,0,F3,2,CH8,C1,A,SECOND,CLEANER,PROTABLETS,1,0,112.518,16.121
1,63,32,-1,3,48,female,1,1,1,F4,2,CH8,C1,A,FIRST,EDUCATOR,ANTITABLETS,3,3,83.155,37.345
2,64,32,-1,3,48,female,1,1,1,F4,1,CH8,C1,A,SECOND,CLEANER,PROTABLETS,3,0,33.189,30.06
1,65,33,-2,2,22,female,1,1,-1,F1,5,CH9,C1,B,FIRST,CLEANER,ANTITABLETS,2,1,151.45,41.377
2,66,33,-2,2,22,female,1,1,-1,F1,6,CH9,C1,B,SECOND,EDUCATOR,PROTABLETS,3,2,116.809,33.764
1,67,34,1,2,33,female,1,1,0,F2,5,CH9,C1,B,FIRST,CLEANER,ANTITABLETS,1,0,206.156,23.548
2,68,34,1,2,33,female,1,1,0,F2,3,CH9,C1,B,SECOND,EDUCATOR,PROTABLETS,4,3,171.597,31.734
1,69,35,-1,3,22,female,1,1,-2,F3,5,CH9,C1,B,FIRST,CLEANER,ANTITABLETS,2,1,120.09,84.617
2,70,35,-1,3,22,female,1,1,-2,F3,3,CH9,C1,B,SECOND,EDUCATOR,PROTABLETS,5,3,48.451,64.779
1,71,36,-2,3,43,female,1,1,-1,F4,2,CH9,C1,B,FIRST,CLEANER,ANTITABLETS,2,-1,151.762,23.536
2,72,36,-2,3,43,female,1,1,-1,F4,2,CH9,C1,B,SECOND,EDUCATOR,PROTABLETS,4,2,166.765,15.427
1,73,37,-3,3,40,female,1,1,-3,F1,9,CH10,C1,B,FIRST,CLEANER,ANTITABLETS,2,0,168.824,39.257
2,74,37,-3,3,40,female,1,1,-3,F1,5,CH10,C1,B,SECOND,EDUCATOR,PROTABLETS,3,3,128.464,43.317
1,75,38,2,3,31,male,1,1,3,F2,3,CH10,C1,B,FIRST,CLEANER,ANTITABLETS,4,-2,155.725,25.653
2,76,38,2,3,31,male,1,1,3,F2,4,CH10,C1,B,SECOND,EDUCATOR,PROTABLETS,4,2,146.706,16.15
1,77,39,-3,3,30,female,1,1,-3,F3,2,CH10,C1,B,FIRST,CLEANER,ANTITABLETS,3,0,65.801,21.816
2,78,39,-3,3,30,female,1,1,-3,F3,4,CH10,C1,B,SECOND,EDUCATOR,PROTABLETS,4,0,55.284,13.495
1,79,40,-3,3,33,female,1,1,-1,F4,1,CH10,C1,B,FIRST,CLEANER,ANTITABLETS,3,-3,54.371,13.131
2,80,40,-3,3,33,female,1,1,-1,F4,4,CH10,C1,B,SECOND,EDUCATOR,PROTABLETS,3,2,43.764,14.371
1,81,41,-1,1,35,female,1,1,1,F1,3,CH11,C1,B,FIRST,CLEANER,ANTITABLETS,1,0,109.003,43.964
2,82,41,-1,1,35,female,1,1,1,F1,4,CH11,C1,B,SECOND,EDUCATOR,PROTABLETS,3,0,121.613,28.165
1,83,42,-2,3,24,female,1,1,3,F2,3,CH11,C1,B,FIRST,CLEANER,ANTITABLETS,1,1,124.866,34.649
2,84,42,-2,3,24,female,1,1,3,F2,3,CH11,C1,B,SECOND,EDUCATOR,PROTABLETS,3,1,93.935,20.723
1,85,43,0,2,53,female,1,1,1,F3,3,CH11,C1,B,FIRST,CLEANER,ANTITABLETS,1,0,163.676,26.827
2,86,43,0,2,53,female,1,1,1,F3,3,CH11,C1,B,SECOND,EDUCATOR,PROTABLETS,2,0,152.352,18.239
1,87,44,-1,3,38,male,1,1,1,F4,2,CH11,C1,B,FIRST,CLEANER,ANTITABLETS,1,-2,73.301,36.324
2,88,44,-1,3,38,male,1,1,1,F4,2,CH11,C1,B,SECOND,EDUCATOR,PROTABLETS,1,-2,38.859,28.616
1,89,45,2,3,21,male,1,1,1,F1,4,CH12,C1,B,FIRST,CLEANER,ANTITABLETS,1,-1,151.074,54.237
2,90,45,2,3,21,male,1,1,1,F1,5,CH12,C1,B,SECOND,EDUCATOR,PROTABLETS,2,-1,170.136,47.626
1,91,46,-1,3,47,female,1,1,0,F2,4,CH12,C1,B,FIRST,CLEANER,ANTITABLETS,1,0,161.748,25.777
2,92,46,-1,3,47,female,1,1,0,F2,2,CH12,C1,B,SECOND,EDUCATOR,PROTABLETS,2,0,61.971,38.597
1,93,47,1,3,20,female,1,1,1,F3,4,CH12,C1,B,FIRST,CLEANER,ANTITABLETS,1,-1,87.638,25.101
2,94,47,1,3,20,female,1,1,1,F3,1,CH12,C1,B,SECOND,EDUCATOR,PROTABLETS,2,-1,39.42,19.581
1,95,48,-2,2,52,female,1,1,-1,F4,3,CH12,C1,B,FIRST,CLEANER,ANTITABLETS,1,1,154.776,35.973
2,96,48,-2,2,52,female,1,1,-1,F4,1,CH12,C1,B,SECOND,EDUCATOR,PROTABLETS,2,1,154.113,21.739
1,97,49,1,1,36,male,1,1,0,F1,2,CH13,C1,B,FIRST,EDUCATOR,PROTABLETS,3,2,212.212,70.836
2,98,49,1,1,36,male,1,1,0,F1,5,CH13,C1,B,SECOND,CLEANER,ANTITABLETS,3,1,264.167,20.293
1,99,50,-2,2,33,female,1,1,-1,F2,2,CH13,C1,B,FIRST,EDUCATOR,PROTABLETS,4,2,132.473,24.66
2,100,50,-2,2,33,female,1,1,-1,F2,2,CH13,C1,B,SECOND,CLEANER,ANTITABLETS,2,0,146.505,17.5
1,101,51,-1,2,21,female,1,1,-1,F3,2,CH13,C1,B,FIRST,EDUCATOR,PROTABLETS,3,2,74.334,16.946
2,102,51,-1,2,21,female,1,1,-1,F3,2,CH13,C1,B,SECOND,CLEANER,ANTITABLETS,3,3,39.574,11.821
1,103,52,-3,3,34,male,1,1,-1,F4,1,CH13,C1,B,FIRST,EDUCATOR,PROTABLETS,3,1,158.98,23.401
2,104,52,-3,3,34,male,1,1,-1,F4,2,CH13,C1,B,SECOND,CLEANER,ANTITABLETS,3,1,97.64,20.621
1,105,53,-3,3,36,female,1,1,0,F1,3,CH14,C1,B,FIRST,EDUCATOR,PROTABLETS,4,3,141.446,38.746
2,106,53,-3,3,36,female,1,1,0,F1,2,CH14,C1,B,SECOND,CLEANER,ANTITABLETS,1,-2,91.499,28.432
1,107,54,-3,2,37,female,1,1,-2,F2,3,CH14,C1,B,FIRST,EDUCATOR,PROTABLETS,3,3,98.383,28.557
2,108,54,-3,2,37,female,1,1,-2,F2,1,CH14,C1,B,SECOND,CLEANER,ANTITABLETS,1,0,142.883,20.316
1,109,55,-1,3,31,male,1,1,1,F3,2,CH14,C1,B,FIRST,EDUCATOR,PROTABLETS,3,3,41.078,12.39
2,110,55,-1,3,31,male,1,1,1,F3,1,CH14,C1,B,SECOND,CLEANER,ANTITABLETS,2,1,31.687,10.739
1,111,56,2,3,28,female,1,1,2,F4,2,CH14,C1,B,FIRST,EDUCATOR,PROTABLETS,4,3,75.019,15.506
2,112,56,2,3,28,female,1,1,2,F4,1,CH14,C1,B,SECOND,CLEANER,ANTITABLETS,2,-2,38.639,15.894
1,113,57,-3,1,46,female,1,1,-3,F1,5,CH15,C1,B,FIRST,EDUCATOR,PROTABLETS,3,3,173.755,86.389
2,114,57,-3,1,46,female,1,1,-3,F1,6,CH15,C1,B,SECOND,CLEANER,ANTITABLETS,3,3,126.214,50.384
1,115,58,2,3,28,female,1,1,2,F2,4,CH15,C1,B,FIRST,EDUCATOR,PROTABLETS,3,2,129.419,42.163
2,116,58,2,3,28,female,1,1,2,F2,3,CH15,C1,B,SECOND,CLEANER,ANTITABLETS,2,-1,132.686,42.977
1,117,59,-3,3,35,female,1,1,-1,F3,2,CH15,C1,B,FIRST,EDUCATOR,PROTABLETS,5,3,96.204,33.662
2,118,59,-3,3,35,female,1,1,-1,F3,3,CH15,C1,B,SECOND,CLEANER,ANTITABLETS,2,3,55.906,20.027
1,119,60,-1,3,46,male,1,1,-1,F4,0,CH15,C1,B,FIRST,EDUCATOR,PROTABLETS,3,3,130.163,49.366
2,120,60,-1,3,46,male,1,1,-1,F4,3,CH15,C1,B,SECOND,CLEANER,ANTITABLETS,1,-1,70.871,46.227
1,121,61,1,3,26,female,1,1,1,F1,5,CH16,C1,B,FIRST,EDUCATOR,PROTABLETS,5,3,174.996,44.94
2,122,61,1,3,26,female,1,1,1,F1,6,CH16,C1,B,SECOND,CLEANER,ANTITABLETS,3,2,162.37,37.328
1,123,62,0,2,24,female,1,1,1,F2,5,CH16,C1,B,FIRST,EDUCATOR,PROTABLETS,4,3,123.355,45.404
2,124,62,0,2,24,female,1,1,1,F2,3,CH16,C1,B,SECOND,CLEANER,ANTITABLETS,2,1,129.265,36.328
1,125,63,-2,2,28,female,1,1,0,F3,4,CH16,C1,B,FIRST,EDUCATOR,PROTABLETS,4,3,90.16,20.395
2,126,63,-2,2,28,female,1,1,0,F3,3,CH16,C1,B,SECOND,CLEANER,ANTITABLETS,2,0,115.219,71.674
1,127,64,-2,2,31,female,1,1,-1,F4,2,CH16,C1,B,FIRST,EDUCATOR,PROTABLETS,4,2,148.388,21.328
2,128,64,-2,2,31,female,1,1,-1,F4,2,CH16,C1,B,SECOND,CLEANER,ANTITABLETS,2,-1,160.233,15.533
1,129,65,0,3,34,female,1,1,2,F1,5,CH17,C2,C,FIRST,CLEANER,PROTABLETS,2,3,78.07,46.882
2,130,65,0,3,34,female,1,1,2,F1,5,CH17,C2,C,SECOND,PILOT,ANTITABLETS,4,3,120.661,
1,131,66,-3,3,37,female,1,1,-3,F2,1,CH17,C2,C,FIRST,CLEANER,PROTABLETS,3,-1,178.456,40.837
2,132,66,-3,3,37,female,1,1,-3,F2,4,CH17,C2,C,SECOND,PILOT,ANTITABLETS,3,2,63.171,47.103
1,133,67,-1,2,33,female,1,1,-2,F3,0,CH17,C2,C,FIRST,CLEANER,PROTABLETS,2,-1,72.366,18.764
2,134,67,-1,2,33,female,1,1,-2,F3,2,CH17,C2,C,SECOND,PILOT,ANTITABLETS,4,2,39.423,27.921
1,135,68,-2,3,43,female,1,1,-1,F4,0,CH17,C2,C,FIRST,CLEANER,PROTABLETS,2,1,133.929,37.857
2,136,68,-2,3,43,female,1,1,-1,F4,2,CH17,C2,C,SECOND,PILOT,ANTITABLETS,3,2,49.966,23.483
1,137,69,-1,2,49,female,1,1,0,F1,3,CH18,C2,C,FIRST,CLEANER,PROTABLETS,2,2,116.588,57.262
2,138,69,-1,2,49,female,1,1,0,F1,4,CH18,C2,C,SECOND,PILOT,ANTITABLETS,2,2,119.576,52.32
1,139,70,-3,2,25,female,1,1,1,F2,3,CH18,C2,C,FIRST,CLEANER,PROTABLETS,1,3,67.321,24.489
2,140,70,-3,2,25,female,1,1,1,F2,4,CH18,C2,C,SECOND,PILOT,ANTITABLETS,1,3,80.403,26.893
1,141,71,-1,2,43,female,1,1,-1,F3,2,CH18,C2,C,FIRST,CLEANER,PROTABLETS,2,-1,45.927,14.341
2,142,71,-1,2,43,female,1,1,-1,F3,2,CH18,C2,C,SECOND,PILOT,ANTITABLETS,3,-1,55.447,12.789
1,143,72,-1,3,57,female,1,1,-1,F4,2,CH18,C2,C,FIRST,CLEANER,PROTABLETS,2,1,188.654,82.566
2,144,72,-1,3,57,female,1,1,-1,F4,2,CH18,C2,C,SECOND,PILOT,ANTITABLETS,3,1,180.676,75.494
1,145,73,0,3,42,female,1,1,0,F1,5,CH19,C2,C,FIRST,CLEANER,PROTABLETS,3,1,116.012,22.516
2,146,73,0,3,42,female,1,1,0,F1,6,CH19,C2,C,SECOND,PILOT,ANTITABLETS,4,1,72.061,21.281
1,147,74,-3,3,34,female,1,1,-3,F2,3,CH19,C2,C,FIRST,CLEANER,PROTABLETS,1,3,149.408,35.266
2,148,74,-3,3,34,female,1,1,-3,F2,4,CH19,C2,C,SECOND,PILOT,ANTITABLETS,3,3,146.706,16.944
1,149,75,-1,3,30,female,1,1,-2,F3,3,CH19,C2,C,FIRST,CLEANER,PROTABLETS,3,-2,156.605,24.083
2,150,75,-1,3,30,female,1,1,-2,F3,5,CH19,C2,C,SECOND,PILOT,ANTITABLETS,4,-2,174.518,19.912
1,151,76,-1,3,29,female,1,1,0,F4,2,CH19,C2,C,FIRST,CLEANER,PROTABLETS,1,0,60.263,21.79
2,152,76,-1,3,29,female,1,1,0,F4,3,CH19,C2,C,SECOND,PILOT,ANTITABLETS,3,0,51.986,20.246
1,153,77,-1,3,27,female,1,1,2,F1,3,CH20,C2,C,FIRST,CLEANER,PROTABLETS,3,1,147.584,27.672
2,154,77,-1,3,27,female,1,1,2,F1,3,CH20,C2,C,SECOND,PILOT,ANTITABLETS,4,1,98.462,29.929
1,155,78,-1,-2,23,female,1,1,-1,F2,3,CH20,C2,C,FIRST,CLEANER,PROTABLETS,3,1,156.281,40.787
2,156,78,-1,-2,23,female,1,1,-1,F2,3,CH20,C2,C,SECOND,PILOT,ANTITABLETS,4,1,151.213,25.66
1,157,79,-1,3,22,male,1,1,-1,F3,2,CH20,C2,C,FIRST,CLEANER,PROTABLETS,2,1,74.53,22.852
2,158,79,-1,3,22,male,1,1,-1,F3,1,CH20,C2,C,SECOND,PILOT,ANTITABLETS,4,2,70.978,23.129
1,159,80,1,3,29,male,1,1,1,F4,2,CH20,C2,C,FIRST,CLEANER,PROTABLETS,3,0,300.186,25.957
2,160,80,1,3,29,male,1,1,1,F4,1,CH20,C2,C,SECOND,PILOT,ANTITABLETS,3,0,151.795,28.625
1,161,81,-2,3,27,female,1,1,-2,F1,5,CH21,C2,C,FIRST,PILOT,ANTITABLETS,5,3,163.123,62.632
2,162,81,-2,3,27,female,1,1,-2,F1,5,CH21,C2,C,SECOND,CLEANER,PROTABLETS,3,3,139.456,45.967
1,163,82,0,3,49,female,1,1,-1,F2,5,CH21,C2,C,FIRST,PILOT,ANTITABLETS,3,1,90.808,76.301
2,164,82,0,3,49,female,1,1,-1,F2,5,CH21,C2,C,SECOND,CLEANER,PROTABLETS,3,1,114.194,18.98
1,165,83,-1,2,25,male,1,1,0,F3,5,CH21,C2,C,FIRST,PILOT,ANTITABLETS,3,-1,117.31,30.1
2,166,83,-1,2,25,male,1,1,0,F3,4,CH21,C2,C,SECOND,CLEANER,PROTABLETS,2,-2,65.812,21.021
1,167,84,-3,3,44,female,1,1,-3,F4,4,CH21,C2,C,FIRST,PILOT,ANTITABLETS,3,1,94.325,49.96
2,168,84,-3,3,44,female,1,1,-3,F4,4,CH21,C2,C,SECOND,CLEANER,PROTABLETS,1,-1,135.258,24.152
1,169,85,-2,3,46,female,1,1,-1,F1,6,CH22,C2,C,FIRST,PILOT,ANTITABLETS,3,2,116.245,32.441
2,170,85,-2,3,46,female,1,1,-1,F1,5,CH22,C2,C,SECOND,CLEANER,PROTABLETS,3,2,81.669,25.401
1,171,86,-2,3,26,female,1,1,1,F2,4,CH22,C2,C,FIRST,PILOT,ANTITABLETS,3,-1,153.422,53.88
2,172,86,-2,3,26,female,1,1,1,F2,4,CH22,C2,C,SECOND,CLEANER,PROTABLETS,1,-1,153.24,33.58
1,173,87,-3,-2,29,female,1,1,-3,F3,2,CH22,C2,C,FIRST,PILOT,ANTITABLETS,4,2,68.533,62.5
2,174,87,-3,-2,29,female,1,1,-3,F3,3,CH22,C2,C,SECOND,CLEANER,PROTABLETS,3,1,65.197,27.271
1,175,88,1,2,38,female,1,1,1,F4,2,CH22,C2,C,FIRST,PILOT,ANTITABLETS,3,1,68.996,34.994
2,176,88,1,2,38,female,1,1,1,F4,3,CH22,C2,C,SECOND,CLEANER,PROTABLETS,3,1,60.266,34.713
1,177,89,-3,2,20,male,1,1,1,F1,4,CH23,C2,C,FIRST,PILOT,ANTITABLETS,4,2,68.6,55.218
2,178,89,-3,2,20,male,1,1,1,F1,2,CH23,C2,C,SECOND,CLEANER,PROTABLETS,1,-2,55.395,33.659
1,179,90,-1,2,28,female,1,1,2,F2,5,CH23,C2,C,FIRST,PILOT,ANTITABLETS,2,-2,301.488,35.899
2,180,90,-1,2,28,female,1,1,2,F2,1,CH23,C2,C,SECOND,CLEANER,PROTABLETS,1,-1,150.939,14.565
1,181,91,-3,3,49,male,1,1,-3,F3,4,CH23,C2,C,FIRST,PILOT,ANTITABLETS,3,2,120.876,65.364
2,182,91,-3,3,49,male,1,1,-3,F3,1,CH23,C2,C,SECOND,CLEANER,PROTABLETS,2,2,34.742,15.146
1,183,92,-2,3,33,female,1,1,-2,F4,2,CH23,C2,C,FIRST,PILOT,ANTITABLETS,4,2,121.79,24.219
2,184,92,-2,3,33,female,1,1,-2,F4,1,CH23,C2,C,SECOND,CLEANER,PROTABLETS,2,-1,80.33,11.888
1,185,93,-2,2,35,female,1,1,-2,F1,6,CH24,C2,C,FIRST,PILOT,ANTITABLETS,3,0,153.658,38.256
2,186,93,-2,2,35,female,1,1,-2,F1,6,CH24,C2,C,SECOND,CLEANER,PROTABLETS,3,0,154.466,31.488
1,187,94,-1,3,28,female,1,1,-1,F2,4,CH24,C2,C,FIRST,PILOT,ANTITABLETS,2,0,155.315,50.533
2,188,94,-1,3,28,female,1,1,-1,F2,4,CH24,C2,C,SECOND,CLEANER,PROTABLETS,2,0,151.658,54.182
1,189,95,-1,3,21,male,1,1,0,F3,4,CH24,C2,C,FIRST,PILOT,ANTITABLETS,3,1,58.043,24.222
2,190,95,-1,3,21,male,1,1,0,F3,3,CH24,C2,C,SECOND,CLEANER,PROTABLETS,3,1,48.874,36.78
1,191,96,1,3,25,female,1,1,1,F4,3,CH24,C2,C,FIRST,PILOT,ANTITABLETS,3,2,52.257,22.508
2,192,96,1,3,25,female,1,1,1,F4,3,CH24,C2,C,SECOND,CLEANER,PROTABLETS,2,1,23.236,17.251
1,193,97,-2,2,33,female,1,1,-1,F1,6,CH25,C2,D,FIRST,CLEANER,ANTITABLETS,3,1,186.869,103.603
2,194,97,-2,2,33,female,1,1,-1,F1,6,CH25,C2,D,SECOND,PILOT,PROTABLETS,3,1,230.752,112.396
1,195,98,1,2,42,male,1,1,2,F2,3,CH25,C2,D,FIRST,CLEANER,ANTITABLETS,4,2,103.137,37.192
2,196,98,1,2,42,male,1,1,2,F2,2,CH25,C2,D,SECOND,PILOT,PROTABLETS,4,2,122.703,33.723
1,197,99,-1,3,53,female,1,1,-1,F3,3,CH25,C2,D,FIRST,CLEANER,ANTITABLETS,3,2,70.85,14.358
2,198,99,-1,3,53,female,1,1,-1,F3,1,CH25,C2,D,SECOND,PILOT,PROTABLETS,4,2,42.62,15.742
1,199,100,0,1,24,male,1,1,-1,F4,3,CH25,C2,D,FIRST,CLEANER,ANTITABLETS,2,0,131.956,24.917
2,200,100,0,1,24,male,1,1,-1,F4,1,CH25,C2,D,SECOND,PILOT,PROTABLETS,4,1,42.266,19.449
1,201,101,-3,3,28,female,1,1,-1,F1,5,CH26,C2,D,FIRST,CLEANER,ANTITABLETS,2,1,116.701,28.113
2,202,101,-3,3,28,female,1,1,-1,F1,4,CH26,C2,D,SECOND,PILOT,PROTABLETS,3,1,142.739,66.115
1,203,102,-1,2,33,male,1,1,1,F2,5,CH26,C2,D,FIRST,CLEANER,ANTITABLETS,2,1,164.639,33.237
2,204,102,-1,2,33,male,1,1,1,F2,3,CH26,C2,D,SECOND,PILOT,PROTABLETS,3,2,154.757,22.828
1,205,103,-2,2,25,female,1,1,-3,F3,5,CH26,C2,D,FIRST,CLEANER,ANTITABLETS,2,1,159.591,29.388
2,206,103,-2,2,25,female,1,1,-3,F3,2,CH26,C2,D,SECOND,PILOT,PROTABLETS,3,1,148.612,23.813
1,207,104,0,3,48,female,1,1,0,F4,5,CH26,C2,D,FIRST,CLEANER,ANTITABLETS,1,0,141.142,42.34
2,208,104,0,3,48,female,1,1,0,F4,1,CH26,C2,D,SECOND,PILOT,PROTABLETS,3,0,133.686,15.98
1,209,105,-1,3,26,male,1,1,0,F1,2,CH27,C2,D,FIRST,CLEANER,ANTITABLETS,2,1,44.351,17.903
2,210,105,-1,3,26,male,1,1,0,F1,2,CH27,C2,D,SECOND,PILOT,PROTABLETS,3,-1,18.396,17.057
1,211,106,-1,3,37,female,1,1,-1,F2,2,CH27,C2,D,FIRST,CLEANER,ANTITABLETS,2,-1,158.185,47.087
2,212,106,-1,3,37,female,1,1,-1,F2,2,CH27,C2,D,SECOND,PILOT,PROTABLETS,3,1,157.68,27.983
1,213,107,-3,3,21,male,1,1,-2,F3,2,CH27,C2,D,FIRST,CLEANER,ANTITABLETS,2,2,88.159,19.302
2,214,107,-3,3,21,male,1,1,-2,F3,1,CH27,C2,D,SECOND,PILOT,PROTABLETS,4,1,51.189,21.141
1,215,108,-3,2,47,female,1,1,-3,F4,1,CH27,C2,D,FIRST,CLEANER,ANTITABLETS,2,-2,94.06,26.97
2,216,108,-3,2,47,female,1,1,-3,F4,1,CH27,C2,D,SECOND,PILOT,PROTABLETS,4,1,49.564,17.267
1,217,109,-2,-1,53,male,1,1,-1,F1,5,CH28,C2,D,FIRST,CLEANER,ANTITABLETS,4,3,155.272,31.686
2,218,109,-2,-1,53,male,1,1,-1,F1,4,CH28,C2,D,SECOND,PILOT,PROTABLETS,4,3,164.885,23.839
1,219,110,-2,3,31,female,1,1,-3,F2,5,CH28,C2,D,FIRST,CLEANER,ANTITABLETS,3,-2,105.43,39.996
2,220,110,-2,3,31,female,1,1,-3,F2,3,CH28,C2,D,SECOND,PILOT,PROTABLETS,3,-2,90.849,26.739
1,221,111,-3,3,28,male,1,1,-3,F3,3,CH28,C2,D,FIRST,CLEANER,ANTITABLETS,1,0,144.434,26.343
2,222,111,-3,3,28,male,1,1,-3,F3,2,CH28,C2,D,SECOND,PILOT,PROTABLETS,3,0,239.778,30.525
1,223,112,-2,3,27,male,1,1,-2,F4,3,CH28,C2,D,FIRST,CLEANER,ANTITABLETS,2,0,171.851,34.629
2,224,112,-2,3,27,male,1,1,-2,F4,2,CH28,C2,D,SECOND,PILOT,PROTABLETS,3,0,98.473,38.598
1,225,113,-1,3,48,female,1,1,-1,F1,4,CH29,C2,D,FIRST,PILOT,PROTABLETS,3,1,174.102,47.897
2,226,113,-1,3,48,female,1,1,-1,F1,6,CH29,C2,D,SECOND,CLEANER,ANTITABLETS,2,0,160.805,31.819
1,227,114,-2,2,29,male,1,1,-2,F2,3,CH29,C2,D,FIRST,PILOT,PROTABLETS,3,-1,27.253,57.672
2,228,114,-2,2,29,male,1,1,-2,F2,0,CH29,C2,D,SECOND,CLEANER,ANTITABLETS,3,-1,83.294,13.088
1,229,115,0,3,38,female,1,1,0,F3,3,CH29,C2,D,FIRST,PILOT,PROTABLETS,3,0,149.666,21.084
2,230,115,0,3,38,female,1,1,0,F3,0,CH29,C2,D,SECOND,CLEANER,ANTITABLETS,3,0,152.561,14.466
1,231,116,0,3,41,female,1,1,1,F4,1,CH29,C2,D,FIRST,PILOT,PROTABLETS,3,3,51.839,111.048
2,232,116,0,3,41,female,1,1,1,F4,0,CH29,C2,D,SECOND,CLEANER,ANTITABLETS,3,3,34.253,15.867
1,233,117,-3,3,29,female,1,1,-3,F1,4,CH30,C2,D,FIRST,PILOT,PROTABLETS,4,1,151.743,23.416
2,234,117,-3,3,29,female,1,1,-3,F1,3,CH30,C2,D,SECOND,CLEANER,ANTITABLETS,2,1,198.633,21.877
1,235,118,-1,2,42,female,1,1,-1,F2,2,CH30,C2,D,FIRST,PILOT,PROTABLETS,4,1,152.051,34.796
2,236,118,-1,2,42,female,1,1,-1,F2,2,CH30,C2,D,SECOND,CLEANER,ANTITABLETS,1,1,156.072,19.361
1,237,119,-1,2,18,male,1,1,1,F3,2,CH30,C2,D,FIRST,PILOT,PROTABLETS,2,1,214.399,51.476
2,238,119,-1,2,18,male,1,1,1,F3,2,CH30,C2,D,SECOND,CLEANER,ANTITABLETS,2,-1,162.713,30.251
1,239,120,0,3,25,female,1,1,1,F4,1,CH30,C2,D,FIRST,PILOT,PROTABLETS,3,1,157.089,60.017
2,240,120,0,3,25,female,1,1,1,F4,1,CH30,C2,D,SECOND,CLEANER,ANTITABLETS,3,1,116.126,27.52
1,241,121,-3,3,20,female,1,1,-2,F1,8,CH31,C2,D,FIRST,PILOT,PROTABLETS,4,1,157.685,40.762
2,242,121,-3,3,20,female,1,1,-2,F1,7,CH31,C2,D,SECOND,CLEANER,ANTITABLETS,2,1,80.367,27.771
1,243,122,1,3,33,female,1,1,2,F2,3,CH31,C2,D,FIRST,PILOT,PROTABLETS,3,1,95.458,54.371
2,244,122,1,3,33,female,1,1,2,F2,4,CH31,C2,D,SECOND,CLEANER,ANTITABLETS,1,1,77.047,24.773
1,245,123,-3,2,48,female,1,1,0,F3,1,CH31,C2,D,FIRST,PILOT,PROTABLETS,3,1,55.751,22.771
2,246,123,-3,2,48,female,1,1,0,F3,3,CH31,C2,D,SECOND,CLEANER,ANTITABLETS,3,1,48.811,15.716
1,247,124,-3,3,31,female,1,1,-2,F4,1,CH31,C2,D,FIRST,PILOT,PROTABLETS,3,1,118.161,31.701
2,248,124,-3,3,31,female,1,1,-2,F4,3,CH31,C2,D,SECOND,CLEANER,ANTITABLETS,2,0,107.155,19.362
1,249,125,-1,3,39,female,1,1,-2,F1,6,CH32,C2,D,FIRST,PILOT,PROTABLETS,4,0,155.347,67.96
2,250,125,-1,3,39,female,1,1,-2,F1,4,CH32,C2,D,SECOND,CLEANER,ANTITABLETS,2,0,155.891,45.055
1,251,126,-2,3,47,female,1,1,-3,F2,1,CH32,C2,D,FIRST,PILOT,PROTABLETS,4,3,190.615,53.361
2,252,126,-2,3,47,female,1,1,-3,F2,2,CH32,C2,D,SECOND,CLEANER,ANTITABLETS,2,3,164.522,32.517
1,253,127,-3,3,32,female,1,1,-3,F3,1,CH32,C2,D,FIRST,PILOT,PROTABLETS,4,1,103.625,33.107
2,254,127,-3,3,32,female,1,1,-3,F3,1,CH32,C2,D,SECOND,CLEANER,ANTITABLETS,3,1,60.359,20.498
1,255,128,-3,3,29,male,1,1,-2,F4,1,CH32,C2,D,FIRST,PILOT,PROTABLETS,4,2,80.842,16.442
2,256,128,-3,3,29,male,1,1,-2,F4,1,CH32,C2,D,SECOND,CLEANER,ANTITABLETS,3,2,50.677,12.733
1,257,129,1,3,30,female,1,1,-1,F1,2,CH33,C3,E,FIRST,PILOT,PROTABLETS,4,-3,176.638,47.872
2,258,129,1,3,30,female,1,1,-1,F1,5,CH33,C3,E,SECOND,EDUCATOR,ANTITABLETS,4,3,92.225,59.405
1,259,130,1,3,37,female,1,1,1,F2,0,CH33,C3,E,FIRST,PILOT,PROTABLETS,4,2,185.656,28.998
2,260,130,1,3,37,female,1,1,1,F2,3,CH33,C3,E,SECOND,EDUCATOR,ANTITABLETS,4,3,61.875,54.914
1,261,131,-1,3,19,female,1,1,-2,F3,0,CH33,C3,E,FIRST,PILOT,PROTABLETS,3,-2,154.489,35.518
2,262,131,-1,3,19,female,1,1,-2,F3,3,CH33,C3,E,SECOND,EDUCATOR,ANTITABLETS,4,2,152.022,27.989
1,263,132,-3,3,29,female,1,1,-1,F4,0,CH33,C3,E,FIRST,PILOT,PROTABLETS,5,2,52.167,21.132
2,264,132,-3,3,29,female,1,1,-1,F4,3,CH33,C3,E,SECOND,EDUCATOR,ANTITABLETS,5,3,39.068,19.81
1,265,133,-1,3,30,male,1,1,-1,F1,6,CH34,C3,E,FIRST,PILOT,PROTABLETS,3,0,144.131,50.022
2,266,133,-1,3,30,male,1,1,-1,F1,6,CH34,C3,E,SECOND,EDUCATOR,ANTITABLETS,4,2,143.932,44.565
1,267,134,0,2,23,female,1,1,0,F2,5,CH34,C3,E,FIRST,PILOT,PROTABLETS,2,0,102.733,27.161
2,268,134,0,2,23,female,1,1,0,F2,3,CH34,C3,E,SECOND,EDUCATOR,ANTITABLETS,3,2,123.519,178.355
1,269,135,-1,3,27,female,1,1,2,F3,2,CH34,C3,E,FIRST,PILOT,PROTABLETS,3,3,95.244,33.659
2,270,135,-1,3,27,female,1,1,2,F3,1,CH34,C3,E,SECOND,EDUCATOR,ANTITABLETS,4,2,43.071,24.074
1,271,136,2,3,35,female,1,1,2,F4,2,CH34,C3,E,FIRST,PILOT,PROTABLETS,3,0,154.335,38.86
2,272,136,2,3,35,female,1,1,2,F4,1,CH34,C3,E,SECOND,EDUCATOR,ANTITABLETS,4,3,151.839,35.806
1,273,137,1,2,35,female,1,1,1,F1,5,CH35,C3,E,FIRST,PILOT,PROTABLETS,4,1,84.161,32.691
2,274,137,1,2,35,female,1,1,1,F1,7,CH35,C3,E,SECOND,EDUCATOR,ANTITABLETS,4,2,102.068,29.404
1,275,138,-2,2,54,male,1,1,-3,F2,1,CH35,C3,E,FIRST,PILOT,PROTABLETS,4,-2,139.364,32.349
2,276,138,-2,2,54,male,1,1,-3,F2,0,CH35,C3,E,SECOND,EDUCATOR,ANTITABLETS,4,2,35.778,16.358
1,277,139,-1,3,26,male,1,1,-1,F3,1,CH35,C3,E,FIRST,PILOT,PROTABLETS,3,1,122.764,37.277
2,278,139,-1,3,26,male,1,1,-1,F3,0,CH35,C3,E,SECOND,EDUCATOR,ANTITABLETS,4,3,58.142,30.78
1,279,140,-3,3,31,female,1,1,-3,F4,1,CH35,C3,E,FIRST,PILOT,PROTABLETS,5,2,49.501,23.421
2,280,140,-3,3,31,female,1,1,-3,F4,0,CH35,C3,E,SECOND,EDUCATOR,ANTITABLETS,5,3,20.404,13.063
1,281,141,1,3,21,male,1,1,1,F1,5,CH36,C3,E,FIRST,PILOT,PROTABLETS,3,-1,164.501,40.876
2,282,141,1,3,21,male,1,1,1,F1,7,CH36,C3,E,SECOND,EDUCATOR,ANTITABLETS,4,3,139.58,40.129
1,283,142,-3,3,39,female,1,1,-2,F2,4,CH36,C3,E,FIRST,PILOT,PROTABLETS,4,-1,152.251,28.659
2,284,142,-3,3,39,female,1,1,-2,F2,6,CH36,C3,E,SECOND,EDUCATOR,ANTITABLETS,4,3,153.321,34.637
1,285,143,-1,2,32,male,1,1,-3,F3,2,CH36,C3,E,FIRST,PILOT,PROTABLETS,2,1,172.62,27.631
2,286,143,-1,2,32,male,1,1,-3,F3,2,CH36,C3,E,SECOND,EDUCATOR,ANTITABLETS,4,3,121.327,1764.866
1,287,144,-2,3,21,female,1,1,-2,F4,1,CH36,C3,E,FIRST,PILOT,PROTABLETS,3,1,44.831,21.243
2,288,144,-2,3,21,female,1,1,-2,F4,2,CH36,C3,E,SECOND,EDUCATOR,ANTITABLETS,4,3,41.016,16.446
1,289,145,-1,1,43,female,1,1,-2,F1,4,CH37,C3,E,FIRST,EDUCATOR,ANTITABLETS,4,3,187.522,42.358
2,290,145,-1,1,43,female,1,1,-2,F1,6,CH37,C3,E,SECOND,PILOT,PROTABLETS,5,-3,141.358,36.301
1,291,146,-2,3,56,male,1,1,-2,F2,3,CH37,C3,E,FIRST,EDUCATOR,ANTITABLETS,3,3,161.471,32.008
2,292,146,-2,3,56,male,1,1,-2,F2,5,CH37,C3,E,SECOND,PILOT,PROTABLETS,3,0,151.697,36.779
1,293,147,0,3,30,female,1,1,-1,F3,3,CH37,C3,E,FIRST,EDUCATOR,ANTITABLETS,3,2,152.352,34.055
2,294,147,0,3,30,female,1,1,-1,F3,4,CH37,C3,E,SECOND,PILOT,PROTABLETS,3,-2,100.879,20.083
1,295,148,-3,3,26,female,1,1,-2,F4,3,CH37,C3,E,FIRST,EDUCATOR,ANTITABLETS,4,2,78.272,19.088
2,296,148,-3,3,26,female,1,1,-2,F4,3,CH37,C3,E,SECOND,PILOT,PROTABLETS,4,2,65.908,19.453
1,297,149,-3,-1,29,female,1,1,0,F1,6,CH38,C3,E,FIRST,EDUCATOR,ANTITABLETS,3,3,134.984,56.4
2,298,149,-3,-1,29,female,1,1,0,F1,5,CH38,C3,E,SECOND,PILOT,PROTABLETS,3,0,106.523,32.468
1,299,150,1,3,35,female,1,1,1,F2,4,CH38,C3,E,FIRST,EDUCATOR,ANTITABLETS,4,2,102.501,27.881
2,300,150,1,3,35,female,1,1,1,F2,4,CH38,C3,E,SECOND,PILOT,PROTABLETS,4,1,66.233,22.053
1,301,151,-1,3,20,female,1,1,0,F3,3,CH38,C3,E,FIRST,EDUCATOR,ANTITABLETS,3,3,88.456,26.811
2,302,151,-1,3,20,female,1,1,0,F3,3,CH38,C3,E,SECOND,PILOT,PROTABLETS,3,1,50.678,16.231
1,303,152,1,2,36,female,1,1,2,F4,2,CH38,C3,E,FIRST,EDUCATOR,ANTITABLETS,3,2,154.39,16.931
2,304,152,1,2,36,female,1,1,2,F4,3,CH38,C3,E,SECOND,PILOT,PROTABLETS,3,0,103.437,13.242
1,305,153,-2,3,61,male,1,1,-3,F1,5,CH39,C3,E,FIRST,EDUCATOR,ANTITABLETS,3,3,151.183,41.96
2,306,153,-2,3,61,male,1,1,-3,F1,7,CH39,C3,E,SECOND,PILOT,PROTABLETS,3,-2,150.984,28.822
1,307,154,3,3,38,male,1,1,3,F2,3,CH39,C3,E,FIRST,EDUCATOR,ANTITABLETS,4,2,153.583,21.3
2,308,154,3,3,38,male,1,1,3,F2,4,CH39,C3,E,SECOND,PILOT,PROTABLETS,3,-3,168.573,31.987
1,309,155,-2,2,41,female,1,1,-2,F3,2,CH39,C3,E,FIRST,EDUCATOR,ANTITABLETS,4,3,40.856,16.699
2,310,155,-2,2,41,female,1,1,-2,F3,3,CH39,C3,E,SECOND,PILOT,PROTABLETS,2,1,28.581,22.735
1,311,156,-2,3,27,female,1,1,-1,F4,2,CH39,C3,E,FIRST,EDUCATOR,ANTITABLETS,4,3,54.844,15.138
2,312,156,-2,3,27,female,1,1,-1,F4,3,CH39,C3,E,SECOND,PILOT,PROTABLETS,3,-1,37.683,23.019
1,313,157,-3,1,38,male,1,1,-2,F1,4,CH40,C3,E,FIRST,EDUCATOR,ANTITABLETS,3,3,128.46,24.529
2,314,157,-3,1,38,male,1,1,-2,F1,2,CH40,C3,E,SECOND,PILOT,PROTABLETS,3,1,90.479,38.5
1,315,158,-3,2,50,female,1,1,-3,F2,3,CH40,C3,E,FIRST,EDUCATOR,ANTITABLETS,3,3,90.76,20.367
2,316,158,-3,2,50,female,1,1,-3,F2,1,CH40,C3,E,SECOND,PILOT,PROTABLETS,3,0,73.834,13.418
1,317,159,-1,3,33,female,1,1,-1,F3,2,CH40,C3,E,FIRST,EDUCATOR,ANTITABLETS,3,-2,80.695,74.292
2,318,159,-1,3,33,female,1,1,-1,F3,1,CH40,C3,E,SECOND,PILOT,PROTABLETS,3,2,28.796,10.854
1,319,160,0,2,40,female,1,1,-1,F4,1,CH40,C3,E,FIRST,EDUCATOR,ANTITABLETS,4,3,93.433,40.392
2,320,160,0,2,40,female,1,1,-1,F4,1,CH40,C3,E,SECOND,PILOT,PROTABLETS,3,1,94.58,18.824
1,321,161,0,3,33,female,1,1,1,F1,6,CH41,C3,F,FIRST,PILOT,ANTITABLETS,3,-1,167.044,119.841
2,322,161,0,3,33,female,1,1,1,F1,3,CH41,C3,F,SECOND,EDUCATOR,PROTABLETS,4,3,300.007,55.077
1,323,162,-2,3,38,female,1,1,-2,F2,4,CH41,C3,F,FIRST,PILOT,ANTITABLETS,3,-1,165.224,33.112
2,324,162,-2,3,38,female,1,1,-2,F2,2,CH41,C3,F,SECOND,EDUCATOR,PROTABLETS,4,2,153.736,19.093
1,325,163,-2,3,31,female,1,1,-2,F3,3,CH41,C3,F,FIRST,PILOT,ANTITABLETS,3,0,141.522,62.416
2,326,163,-2,3,31,female,1,1,-2,F3,1,CH41,C3,F,SECOND,EDUCATOR,PROTABLETS,3,3,149.403,31.466
1,327,164,-3,2,22,female,1,1,-1,F4,2,CH41,C3,F,FIRST,PILOT,ANTITABLETS,3,1,49.442,21.762
2,328,164,-3,2,22,female,1,1,-1,F4,0,CH41,C3,F,SECOND,EDUCATOR,PROTABLETS,4,2,32.284,15.71
1,329,165,-1,2,42,female,1,1,-1,F1,6,CH42,C3,F,FIRST,PILOT,ANTITABLETS,4,1,96.491,38.774
2,330,165,-1,2,42,female,1,1,-1,F1,4,CH42,C3,F,SECOND,EDUCATOR,PROTABLETS,4,1,90.957,29.896
1,331,166,1,2,50,male,1,1,2,F2,2,CH42,C3,F,FIRST,PILOT,ANTITABLETS,3,1,113.767,26.43
2,332,166,1,2,50,male,1,1,2,F2,1,CH42,C3,F,SECOND,EDUCATOR,PROTABLETS,4,3,46.809,92.826
1,333,167,-1,3,46,male,1,1,-1,F3,2,CH42,C3,F,FIRST,PILOT,ANTITABLETS,4,2,174.958,15.364
2,334,167,-1,3,46,male,1,1,-1,F3,1,CH42,C3,F,SECOND,EDUCATOR,PROTABLETS,4,3,38.792,10.949
1,335,168,0,2,46,male,1,1,3,F4,0,CH42,C3,F,FIRST,PILOT,ANTITABLETS,3,0,132.809,36.091
2,336,168,0,2,46,male,1,1,3,F4,0,CH42,C3,F,SECOND,EDUCATOR,PROTABLETS,4,0,51.66,11.491
1,337,169,-1,1,58,female,1,1,-1,F1,5,CH43,C3,F,FIRST,PILOT,ANTITABLETS,3,-2,128.246,55.869
2,338,169,-1,1,58,female,1,1,-1,F1,7,CH43,C3,F,SECOND,EDUCATOR,PROTABLETS,4,3,149.201,42.945
1,339,170,-2,3,53,female,1,1,-2,F2,6,CH43,C3,F,FIRST,PILOT,ANTITABLETS,4,3,251.901,65.531
2,340,170,-2,3,53,female,1,1,-2,F2,5,CH43,C3,F,SECOND,EDUCATOR,PROTABLETS,4,3,187.8,57.986
1,341,171,-3,3,51,female,1,1,-3,F3,5,CH43,C3,F,FIRST,PILOT,ANTITABLETS,3,3,257.465,100.647
2,342,171,-3,3,51,female,1,1,-3,F3,3,CH43,C3,F,SECOND,EDUCATOR,PROTABLETS,4,3,252.143,70.325
1,343,172,-1,3,37,female,1,1,1,F4,4,CH43,C3,F,FIRST,PILOT,ANTITABLETS,3,1,109.194,19.83
2,344,172,-1,3,37,female,1,1,1,F4,2,CH43,C3,F,SECOND,EDUCATOR,PROTABLETS,3,2,79.366,16.511
1,345,173,0,3,38,male,1,1,0,F1,1,CH44,C3,F,FIRST,PILOT,ANTITABLETS,2,0,151.103,32.458
2,346,173,0,3,38,male,1,1,0,F1,2,CH44,C3,F,SECOND,EDUCATOR,PROTABLETS,3,1,108.039,38.267
1,347,174,2,3,51,male,1,1,2,F2,1,CH44,C3,F,FIRST,PILOT,ANTITABLETS,3,-1,43.209,24.153
2,348,174,2,3,51,male,1,1,2,F2,2,CH44,C3,F,SECOND,EDUCATOR,PROTABLETS,3,3,42.551,12.181
1,349,175,0,1,59,male,1,1,2,F3,1,CH44,C3,F,FIRST,PILOT,ANTITABLETS,3,2,84.264,23.74
2,350,175,0,1,59,male,1,1,2,F3,1,CH44,C3,F,SECOND,EDUCATOR,PROTABLETS,3,2,42.965,15.44
1,351,176,-3,3,46,female,1,1,-3,F4,1,CH44,C3,F,FIRST,PILOT,ANTITABLETS,4,2,108.146,37.263
2,352,176,-3,3,46,female,1,1,-3,F4,1,CH44,C3,F,SECOND,EDUCATOR,PROTABLETS,4,2,45.465,33.375
1,353,177,-3,3,24,female,1,1,0,F1,7,CH45,C3,F,FIRST,EDUCATOR,PROTABLETS,3,3,151.418,48.882
2,354,177,-3,3,24,female,1,1,0,F1,7,CH45,C3,F,SECOND,PILOT,ANTITABLETS,3,0,130.547,25.897
1,355,178,-3,3,47,female,1,1,-1,F2,3,CH45,C3,F,FIRST,EDUCATOR,PROTABLETS,4,2,78.864,20.154
2,356,178,-3,3,47,female,1,1,-1,F2,4,CH45,C3,F,SECOND,PILOT,ANTITABLETS,3,-1,83.281,18.123
1,357,179,-3,3,41,female,1,1,-3,F3,3,CH45,C3,F,FIRST,EDUCATOR,PROTABLETS,4,3,161.122,104.082
2,358,179,-3,3,41,female,1,1,-3,F3,4,CH45,C3,F,SECOND,PILOT,ANTITABLETS,3,1,152.392,71.037
1,359,180,-1,3,33,female,1,1,1,F4,3,CH45,C3,F,FIRST,EDUCATOR,PROTABLETS,3,2,103.977,22.434
2,360,180,-1,3,33,female,1,1,1,F4,2,CH45,C3,F,SECOND,PILOT,ANTITABLETS,2,-2,122.856,22.432
1,361,181,-2,2,26,female,1,1,-2,F1,4,CH46,C3,F,FIRST,EDUCATOR,PROTABLETS,3,2,145.092,28.511
2,362,181,-2,2,26,female,1,1,-2,F1,5,CH46,C3,F,SECOND,PILOT,ANTITABLETS,4,3,88.282,20.328
1,363,182,-2,2,53,female,1,1,-3,F2,2,CH46,C3,F,FIRST,EDUCATOR,PROTABLETS,4,2,186.041,80.66
2,364,182,-2,2,53,female,1,1,-3,F2,3,CH46,C3,F,SECOND,PILOT,ANTITABLETS,4,-1,163.223,50.948
1,365,183,-3,3,54,female,1,1,1,F3,1,CH46,C3,F,FIRST,EDUCATOR,PROTABLETS,4,3,154.258,24.79
2,366,183,-3,3,54,female,1,1,1,F3,3,CH46,C3,F,SECOND,PILOT,ANTITABLETS,3,0,220.349,54.003
1,367,184,-3,3,44,female,1,1,-3,F4,1,CH46,C3,F,FIRST,EDUCATOR,PROTABLETS,4,2,145.966,90.812
2,368,184,-3,3,44,female,1,1,-3,F4,3,CH46,C3,F,SECOND,PILOT,ANTITABLETS,4,-2,158.605,58.559
1,369,185,0,3,27,female,1,1,-1,F1,8,CH47,C3,F,FIRST,EDUCATOR,PROTABLETS,4,2,140.892,33.354
2,370,185,0,3,27,female,1,1,-1,F1,5,CH47,C3,F,SECOND,PILOT,ANTITABLETS,4,0,133.771,26.608
1,371,186,1,3,27,female,1,1,2,F2,3,CH47,C3,F,FIRST,EDUCATOR,PROTABLETS,5,3,108.198,44.45
2,372,186,1,3,27,female,1,1,2,F2,5,CH47,C3,F,SECOND,PILOT,ANTITABLETS,4,1,54.865,31.195
1,373,187,-2,3,47,female,1,1,2,F3,2,CH47,C3,F,FIRST,EDUCATOR,PROTABLETS,4,3,51.69,15.875
2,374,187,-2,3,47,female,1,1,2,F3,3,CH47,C3,F,SECOND,PILOT,ANTITABLETS,3,1,39.108,14.972
1,375,188,-3,3,32,male,1,1,-2,F4,2,CH47,C3,F,FIRST,EDUCATOR,PROTABLETS,3,2,103.91,24.829
2,376,188,-3,3,32,male,1,1,-2,F4,2,CH47,C3,F,SECOND,PILOT,ANTITABLETS,4,2,151.669,22.872
1,377,189,1,3,24,female,1,1,-1,F1,6,CH48,C3,F,FIRST,EDUCATOR,PROTABLETS,4,1,300.222,51.749
2,378,189,1,3,24,female,1,1,-1,F1,5,CH48,C3,F,SECOND,PILOT,ANTITABLETS,4,1,300.133,54.883
1,379,190,-2,2,28,female,1,1,-2,F2,1,CH48,C3,F,FIRST,EDUCATOR,PROTABLETS,3,2,62.638,24.248
2,380,190,-2,2,28,female,1,1,-2,F2,3,CH48,C3,F,SECOND,PILOT,ANTITABLETS,3,0,68.001,19.119
1,381,191,1,2,22,male,1,1,2,F3,2,CH48,C3,F,FIRST,EDUCATOR,PROTABLETS,4,2,153.012,21.109
2,382,191,1,2,22,male,1,1,2,F3,3,CH48,C3,F,SECOND,PILOT,ANTITABLETS,3,-1,92.696,33.859
1,383,192,-1,3,31,male,1,1,1,F4,2,CH48,C3,F,FIRST,EDUCATOR,PROTABLETS,4,3,197.776,29.064
2,384,192,-1,3,31,male,1,1,1,F4,3,CH48,C3,F,SECOND,PILOT,ANTITABLETS,3,-1,159.26,25.943
